set
	session_replication_role = replica;

-- generated by dump-new-seeds 2026-05-08T10:37:21.560Z
--
-- phrase_request (5 rows)
--
insert into
	"public"."phrase_request" ("id", "created_at", "requester_uid", "lang", "prompt", "upvote_count", "deleted", "updated_at")
values
	(
		'f0d3a74e-4fe7-43c0-aa35-d05c83929986',
		now() - interval '3 days',
		'22dfa256-ef7b-41b0-b05a-d97afab8dd21',
		'fra',
		'How do I order a sandwich in French?',
		0,
		false,
		now() - interval '2 hours'
	),
	(
		'f40e53ce-0b24-4b5d-9cf4-5c1ac16d4f96',
		now() - interval '2 days',
		'21f1f69c-10fa-4059-8fd4-3c6dcef9ba18',
		'spa',
		'¿Cómo pido una sopa y un café?',
		0,
		false,
		now() - interval '2 hours'
	),
	(
		'f3f8c9e2-1234-4567-89ab-cdef01234567',
		now() - interval '8 days',
		'21f1f69c-10fa-4059-8fd4-3c6dcef9ba18',
		'fra',
		'I''m learning French cooking and need market phrases — how do I ask for tomatoes, onions, garlic, and herbs?',
		2,
		false,
		now() - interval '2 hours'
	),
	(
		'f4a9d0f3-2345-5678-90bc-def012345678',
		now() - interval '6 days',
		'22dfa256-ef7b-41b0-b05a-d97afab8dd21',
		'spa',
		'¿Cómo pregunto dónde está el baño? También necesito "perdón" y "gracias".',
		1,
		false,
		now() - interval '2 hours'
	),
	(
		'f6c1f2a5-4567-4890-a2de-f01234567890',
		now() - interval '32 hours',
		'21f1f69c-10fa-4059-8fd4-3c6dcef9ba18',
		'spa',
		'Necesito ayuda con direcciones en español: izquierda, derecha, recto, doblar, parar.',
		0,
		false,
		now() - interval '2 hours'
	);

--
-- phrase (27 rows)
--
insert into
	"public"."phrase" ("text", "id", "added_by", "lang", "created_at", "text_script", "only_reverse", "archived")
values
	(
		'Je ne sais quoi',
		'de2f5e51-876d-4978-8a12-6146ece9202c',
		'cf1f69ce-10fa-4059-8fd4-3c6dcef9ba18',
		'fra',
		now() - interval '60 days',
		null,
		false,
		false
	),
	(
		'Oui',
		'bb8b9a4c-ddff-470a-86d8-8cd1ac335501',
		'cf1f69ce-10fa-4059-8fd4-3c6dcef9ba18',
		'fra',
		now() - interval '60 days',
		null,
		false,
		false
	),
	(
		'Il fait frois',
		'57ddf6f6-d655-4fef-832d-b13650b26b82',
		'cf1f69ce-10fa-4059-8fd4-3c6dcef9ba18',
		'fra',
		now() - interval '60 days',
		null,
		false,
		false
	),
	(
		'Du Kapitalistenschweinefrisör',
		'e0eef035-e5bd-45be-902a-62002512673b',
		'cf1f69ce-10fa-4059-8fd4-3c6dcef9ba18',
		'deu',
		now() - interval '60 days',
		null,
		false,
		false
	),
	(
		'Entschuldigen Sie mich',
		'288676f6-d224-4cf2-8ab1-abae8076f24b',
		'cf1f69ce-10fa-4059-8fd4-3c6dcef9ba18',
		'deu',
		now() - interval '60 days',
		null,
		false,
		false
	),
	(
		'Ich spreche kein Deutsch',
		'7d9a7e8b-4e6c-412d-8adb-7923dff1e04f',
		'cf1f69ce-10fa-4059-8fd4-3c6dcef9ba18',
		'deu',
		now() - interval '60 days',
		null,
		false,
		false
	),
	(
		'Guten abend',
		'2e398135-21f9-4843-a8c7-273c986979c7',
		'cf1f69ce-10fa-4059-8fd4-3c6dcef9ba18',
		'deu',
		now() - interval '60 days',
		null,
		false,
		false
	),
	(
		'Guten morgen',
		'22d2875f-1164-47a0-9572-e2d19137950d',
		'cf1f69ce-10fa-4059-8fd4-3c6dcef9ba18',
		'deu',
		now() - interval '60 days',
		null,
		false,
		false
	),
	(
		'es ist moglich?',
		'24730a53-1b7f-422c-83ab-0cd3a51c2fe3',
		'cf1f69ce-10fa-4059-8fd4-3c6dcef9ba18',
		'deu',
		now() - interval '60 days',
		null,
		false,
		false
	),
	(
		'Bonjour',
		'fa110001-1111-4aaa-bbbb-cccccccccccc',
		'21f1f69c-10fa-4059-8fd4-3c6dcef9ba18',
		'fra',
		now() - interval '25 days',
		null,
		false,
		false
	),
	(
		'Bonsoir',
		'fa110002-2222-4aaa-bbbb-cccccccccccc',
		'21f1f69c-10fa-4059-8fd4-3c6dcef9ba18',
		'fra',
		now() - interval '24 days',
		null,
		false,
		false
	),
	(
		'Comment ça va?',
		'fa110003-3333-4aaa-bbbb-cccccccccccc',
		'22dfa256-ef7b-41b0-b05a-d97afab8dd21',
		'fra',
		now() - interval '23 days',
		null,
		false,
		false
	),
	(
		'Merci beaucoup',
		'fa110004-4444-4aaa-bbbb-cccccccccccc',
		'21f1f69c-10fa-4059-8fd4-3c6dcef9ba18',
		'fra',
		now() - interval '22 days',
		null,
		false,
		false
	),
	(
		'S''il vous plaît',
		'fa110005-5555-4aaa-bbbb-cccccccccccc',
		'22dfa256-ef7b-41b0-b05a-d97afab8dd21',
		'fra',
		now() - interval '21 days',
		null,
		false,
		false
	),
	(
		'Au revoir',
		'fa110008-8888-4aaa-bbbb-cccccccccccc',
		'22dfa256-ef7b-41b0-b05a-d97afab8dd21',
		'fra',
		now() - interval '20 days',
		null,
		false,
		false
	),
	(
		'Excusez-moi',
		'fa110009-9999-4aaa-bbbb-cccccccccccc',
		'21f1f69c-10fa-4059-8fd4-3c6dcef9ba18',
		'fra',
		now() - interval '19 days',
		null,
		false,
		false
	),
	(
		'Je ne comprends pas',
		'fa110010-0000-4aaa-bbbb-cccccccccccc',
		'27ad846a-d55b-4035-8be2-dbcc70074f74',
		'fra',
		now() - interval '18 days',
		null,
		false,
		false
	),
	(
		'Où sont les toilettes?',
		'fa110011-1111-4bbb-bbbb-cccccccccccc',
		'21f1f69c-10fa-4059-8fd4-3c6dcef9ba18',
		'fra',
		now() - interval '17 days',
		null,
		false,
		false
	),
	(
		'Je voudrais un café',
		'fa110012-2222-4bbb-bbbb-cccccccccccc',
		'22dfa256-ef7b-41b0-b05a-d97afab8dd21',
		'fra',
		now() - interval '16 days',
		null,
		false,
		false
	),
	(
		'À demain',
		'fa110013-3333-4bbb-bbbb-cccccccccccc',
		'21f1f69c-10fa-4059-8fd4-3c6dcef9ba18',
		'fra',
		now() - interval '15 days',
		null,
		false,
		false
	),
	(
		'Bonne nuit',
		'fa110014-4444-4bbb-bbbb-cccccccccccc',
		'22dfa256-ef7b-41b0-b05a-d97afab8dd21',
		'fra',
		now() - interval '14 days',
		null,
		false,
		false
	),
	(
		'Salut tout le monde',
		'f2bae84f-5b1d-43c2-8927-ef4d41c7e794',
		'21f1f69c-10fa-4059-8fd4-3c6dcef9ba18',
		'fra',
		now() - interval '13 days',
		null,
		false,
		false
	),
	(
		'Hola amigo',
		'ff110006-6666-4aaa-bbbb-cccccccccccc',
		'21f1f69c-10fa-4059-8fd4-3c6dcef9ba18',
		'spa',
		now() - interval '20 days',
		null,
		false,
		false
	),
	(
		'Feliz año nuevo',
		'ff110007-7777-4aaa-bbbb-cccccccccccc',
		'2a32f65e-a496-4afc-abd3-798d8e6d9ec5',
		'spa',
		now() - interval '18 days',
		null,
		false,
		false
	),
	(
		'Una sopa y un café por favor',
		'f0fbbe1d-705e-4d93-a231-ac55263fcfee',
		'22dfa256-ef7b-41b0-b05a-d97afab8dd21',
		'spa',
		now() - interval '15 days',
		null,
		false,
		false
	),
	(
		'Buenos días',
		'f9e3edac-de8b-4796-b436-a0cded08d2ae',
		'21f1f69c-10fa-4059-8fd4-3c6dcef9ba18',
		'spa',
		now() - interval '12 days',
		null,
		false,
		false
	),
	(
		'Gracias',
		'fb110008-8888-4aaa-bbbb-cccccccccccc',
		'22dfa256-ef7b-41b0-b05a-d97afab8dd21',
		'spa',
		now() - interval '10 days',
		null,
		false,
		false
	);

--
-- phrase_playlist (2 rows)
--
insert into
	"public"."phrase_playlist" (
		"id",
		"uid",
		"title",
		"description",
		"href",
		"created_at",
		"lang",
		"upvote_count",
		"deleted",
		"updated_at",
		"cover_image_path"
	)
values
	(
		'f1b2c3d4-1111-4222-a333-444444444444',
		'21f1f69c-10fa-4059-8fd4-3c6dcef9ba18',
		'Essential French Greetings',
		'Common greetings and polite phrases for everyday French conversations',
		null,
		now() - interval '15 days',
		'fra',
		12,
		false,
		now() - interval '2 hours',
		null
	),
	(
		'f3d4e5f6-3333-4444-a555-666666666666',
		'21f1f69c-10fa-4059-8fd4-3c6dcef9ba18',
		'Basic Spanish Phrases',
		'Starter phrases for Spanish learners',
		null,
		now() - interval '10 days',
		'spa',
		5,
		false,
		now() - interval '2 hours',
		null
	);

--
-- chat_message (5 rows)
--
insert into
	"public"."chat_message" (
		"id",
		"created_at",
		"sender_uid",
		"recipient_uid",
		"message_type",
		"phrase_id",
		"related_message_id",
		"content",
		"lang",
		"request_id",
		"playlist_id",
		"read_at"
	)
values
	(
		'f9d88502-9769-4e2d-86d1-ed948588fbbb',
		now() - interval '2 days',
		'21f1f69c-10fa-4059-8fd4-3c6dcef9ba18',
		'27ad846a-d55b-4035-8be2-dbcc70074f74',
		'recommendation',
		'fa110001-1111-4aaa-bbbb-cccccccccccc',
		null,
		null,
		'fra',
		null,
		null,
		null
	),
	(
		'f6cdc91b-a7e6-4e7d-9769-868f16ae7361',
		now() - interval '2 days',
		'21f1f69c-10fa-4059-8fd4-3c6dcef9ba18',
		'27ad846a-d55b-4035-8be2-dbcc70074f74',
		'request',
		null,
		null,
		null,
		'spa',
		'f6c1f2a5-4567-4890-a2de-f01234567890',
		null,
		null
	),
	(
		'f628f6f8-02d8-4f34-aeea-34b762bb6911',
		now() - interval '2 days',
		'21f1f69c-10fa-4059-8fd4-3c6dcef9ba18',
		'22dfa256-ef7b-41b0-b05a-d97afab8dd21',
		'recommendation',
		'fa110004-4444-4aaa-bbbb-cccccccccccc',
		null,
		null,
		'fra',
		null,
		null,
		null
	),
	(
		'fad6409d-0853-43ba-925d-daaa754de1b4',
		now() - interval '47 hours',
		'22dfa256-ef7b-41b0-b05a-d97afab8dd21',
		'27ad846a-d55b-4035-8be2-dbcc70074f74',
		'request',
		null,
		null,
		null,
		'fra',
		'f0d3a74e-4fe7-43c0-aa35-d05c83929986',
		null,
		null
	),
	(
		'f208016d-b27b-4c20-a4ed-ca6e9e9972e6',
		now() - interval '46 hours',
		'22dfa256-ef7b-41b0-b05a-d97afab8dd21',
		'21f1f69c-10fa-4059-8fd4-3c6dcef9ba18',
		'request',
		null,
		null,
		null,
		'fra',
		'f0d3a74e-4fe7-43c0-aa35-d05c83929986',
		null,
		null
	);

--
-- friend_request_action (8 rows)
--
insert into
	"public"."friend_request_action" ("id", "uid_by", "uid_for", "created_at", "action_type", "uid_less", "uid_more")
values
	(
		'fb4ff785-00c6-4d8e-8dc5-0053b1e23ef7',
		'27ad846a-d55b-4035-8be2-dbcc70074f74',
		'21f1f69c-10fa-4059-8fd4-3c6dcef9ba18',
		now() - interval '60 days',
		'invite',
		'21f1f69c-10fa-4059-8fd4-3c6dcef9ba18',
		'27ad846a-d55b-4035-8be2-dbcc70074f74'
	),
	(
		'f37e5105-991e-4559-b237-930c5e969b31',
		'21f1f69c-10fa-4059-8fd4-3c6dcef9ba18',
		'27ad846a-d55b-4035-8be2-dbcc70074f74',
		now() - interval '59 days',
		'accept',
		'21f1f69c-10fa-4059-8fd4-3c6dcef9ba18',
		'27ad846a-d55b-4035-8be2-dbcc70074f74'
	),
	(
		'fe9902b8-54b6-4372-b6f6-fe25d499bd72',
		'22dfa256-ef7b-41b0-b05a-d97afab8dd21',
		'27ad846a-d55b-4035-8be2-dbcc70074f74',
		now() - interval '58 days',
		'invite',
		'22dfa256-ef7b-41b0-b05a-d97afab8dd21',
		'27ad846a-d55b-4035-8be2-dbcc70074f74'
	),
	(
		'f7fcadd9-7f75-48eb-b288-320c9ec9d33e',
		'27ad846a-d55b-4035-8be2-dbcc70074f74',
		'22dfa256-ef7b-41b0-b05a-d97afab8dd21',
		now() - interval '56 days',
		'accept',
		'22dfa256-ef7b-41b0-b05a-d97afab8dd21',
		'27ad846a-d55b-4035-8be2-dbcc70074f74'
	),
	(
		'fc944af5-942e-4522-a000-b2cf19927026',
		'22dfa256-ef7b-41b0-b05a-d97afab8dd21',
		'21f1f69c-10fa-4059-8fd4-3c6dcef9ba18',
		now() - interval '57 days',
		'invite',
		'21f1f69c-10fa-4059-8fd4-3c6dcef9ba18',
		'22dfa256-ef7b-41b0-b05a-d97afab8dd21'
	),
	(
		'f104f367-058c-4e50-bfd1-e35827dda31b',
		'21f1f69c-10fa-4059-8fd4-3c6dcef9ba18',
		'22dfa256-ef7b-41b0-b05a-d97afab8dd21',
		now() - interval '55 days',
		'accept',
		'21f1f69c-10fa-4059-8fd4-3c6dcef9ba18',
		'22dfa256-ef7b-41b0-b05a-d97afab8dd21'
	),
	(
		'f4a29d11-29f9-475f-a539-071bcc79f7ff',
		'21f1f69c-10fa-4059-8fd4-3c6dcef9ba18',
		'2a32f65e-a496-4afc-abd3-798d8e6d9ec5',
		now() - interval '54 days',
		'invite',
		'21f1f69c-10fa-4059-8fd4-3c6dcef9ba18',
		'2a32f65e-a496-4afc-abd3-798d8e6d9ec5'
	),
	(
		'f9335fd1-7943-4989-9058-e69671559bf1',
		'2a32f65e-a496-4afc-abd3-798d8e6d9ec5',
		'21f1f69c-10fa-4059-8fd4-3c6dcef9ba18',
		now() - interval '53 days',
		'accept',
		'21f1f69c-10fa-4059-8fd4-3c6dcef9ba18',
		'2a32f65e-a496-4afc-abd3-798d8e6d9ec5'
	);

--
-- user_profile (4 rows)
--
insert into
	"public"."user_profile" (
		"uid",
		"username",
		"updated_at",
		"created_at",
		"avatar_path",
		"languages_known",
		"font_preference",
		"review_answer_mode",
		"sound_enabled"
	)
values
	(
		'21f1f69c-10fa-4059-8fd4-3c6dcef9ba18',
		'GarlicTongue',
		null,
		now() - interval '30 days',
		null,
		'[{"lang":"eng","level":"fluent"}]',
		'default',
		'2-buttons',
		true
	),
	(
		'27ad846a-d55b-4035-8be2-dbcc70074f74',
		'Lexigrande',
		null,
		now() - interval '3 days',
		null,
		'[{"lang":"eng","level":"fluent"}]',
		'default',
		'2-buttons',
		true
	),
	(
		'22dfa256-ef7b-41b0-b05a-d97afab8dd21',
		'Mejor Amigo',
		null,
		now() - interval '2 days',
		null,
		'[{"lang":"eng","level":"fluent"},{"lang":"spa","level":"fluent"}]',
		'default',
		'2-buttons',
		true
	),
	(
		'2a32f65e-a496-4afc-abd3-798d8e6d9ec5',
		'Office Pierre',
		null,
		now() - interval '2 days',
		null,
		'[{"lang":"eng","level":"fluent"},{"lang":"fra","level":"fluent"},{"lang":"spa","level":"proficient"}]',
		'default',
		'2-buttons',
		true
	);

--
-- user_deck (7 rows)
--
insert into
	"public"."user_deck" (
		"id",
		"uid",
		"lang",
		"created_at",
		"learning_goal",
		"archived",
		"daily_review_goal",
		"preferred_translation_lang",
		"review_answer_mode",
		"updated_at"
	)
values
	(
		'fdfa6cb0-5f8a-43d8-bc9f-5a9f474719c4',
		'21f1f69c-10fa-4059-8fd4-3c6dcef9ba18',
		'fra',
		now() - interval '30 days',
		'moving',
		false,
		15,
		null,
		null,
		now() - interval '2 hours'
	),
	(
		'fe0b23bb-fe8c-4dfb-bdd6-65b2c60644f0',
		'21f1f69c-10fa-4059-8fd4-3c6dcef9ba18',
		'spa',
		now() - interval '15 days',
		'moving',
		false,
		15,
		null,
		null,
		now() - interval '2 hours'
	),
	(
		'f8b73b2e-8e32-4f9e-8044-67486e5e0399',
		'22dfa256-ef7b-41b0-b05a-d97afab8dd21',
		'fra',
		now() - interval '30 days',
		'moving',
		false,
		15,
		null,
		null,
		now() - interval '2 hours'
	),
	(
		'f05000e6-9b26-4632-b971-0df96a35c2bc',
		'22dfa256-ef7b-41b0-b05a-d97afab8dd21',
		'spa',
		now() - interval '30 days',
		'moving',
		false,
		15,
		null,
		null,
		now() - interval '2 hours'
	),
	(
		'f7df4722-4003-43ad-99ba-0e9de75ace0b',
		'27ad846a-d55b-4035-8be2-dbcc70074f74',
		'fra',
		now() - interval '30 days',
		'moving',
		false,
		15,
		null,
		null,
		now() - interval '2 hours'
	),
	(
		'fc7053b1-4f34-4153-ad5a-9278d452949c',
		'2a32f65e-a496-4afc-abd3-798d8e6d9ec5',
		'fra',
		now() - interval '30 days',
		'moving',
		false,
		15,
		null,
		null,
		now() - interval '2 hours'
	),
	(
		'fe9259fb-a94f-48f9-b8e6-5edfefc9c878',
		'2a32f65e-a496-4afc-abd3-798d8e6d9ec5',
		'spa',
		now() - interval '15 days',
		'moving',
		false,
		15,
		null,
		null,
		now() - interval '2 hours'
	);
